{
    "f1": 0.225925947255359,
    "dev_f1": 0.22011306471306472
}