{
    "f1": 0.21234117647058823,
    "dev_f1": 0.20184628237259816
}