{
    "f1": 0.10308242215301039,
    "dev_f1": 0.12692701465201467
}