{
    "f1": 0.12407049347711112,
    "dev_f1": 0.14815411255411254
}