{
    "f1": 0.12783134276804467,
    "dev_f1": 0.12185127881768748
}