{
    "f1": 0.1259713604979472,
    "dev_f1": 0.12330200501253133
}