{
    "f1": 0.10007215658546877,
    "dev_f1": 0.12374285714285713
}